{
    "Exp1": {
        "SVM": {
            "accuracy": 0.8181818181818182,
            "report": {
                "0": {
                    "precision": 0.0,
                    "recall": 0.0,
                    "f1-score": 0.0,
                    "support": 2.0
                },
                "1": {
                    "precision": 0.8181818181818182,
                    "recall": 1.0,
                    "f1-score": 0.9,
                    "support": 9.0
                },
                "accuracy": 0.8181818181818182,
                "macro avg": {
                    "precision": 0.4090909090909091,
                    "recall": 0.5,
                    "f1-score": 0.45,
                    "support": 11.0
                },
                "weighted avg": {
                    "precision": 0.6694214876033059,
                    "recall": 0.8181818181818182,
                    "f1-score": 0.7363636363636363,
                    "support": 11.0
                }
            }
        },
        "Random Forest": {
            "accuracy": 0.5454545454545454,
            "report": {
                "0": {
                    "precision": 0.0,
                    "recall": 0.0,
                    "f1-score": 0.0,
                    "support": 2.0
                },
                "1": {
                    "precision": 0.75,
                    "recall": 0.6666666666666666,
                    "f1-score": 0.7058823529411765,
                    "support": 9.0
                },
                "accuracy": 0.5454545454545454,
                "macro avg": {
                    "precision": 0.375,
                    "recall": 0.3333333333333333,
                    "f1-score": 0.35294117647058826,
                    "support": 11.0
                },
                "weighted avg": {
                    "precision": 0.6136363636363636,
                    "recall": 0.5454545454545454,
                    "f1-score": 0.5775401069518717,
                    "support": 11.0
                }
            }
        },
        "XGBoost": {
            "accuracy": 0.6363636363636364,
            "report": {
                "0": {
                    "precision": 0.3333333333333333,
                    "recall": 1.0,
                    "f1-score": 0.5,
                    "support": 2.0
                },
                "1": {
                    "precision": 1.0,
                    "recall": 0.5555555555555556,
                    "f1-score": 0.7142857142857143,
                    "support": 9.0
                },
                "accuracy": 0.6363636363636364,
                "macro avg": {
                    "precision": 0.6666666666666666,
                    "recall": 0.7777777777777778,
                    "f1-score": 0.6071428571428572,
                    "support": 11.0
                },
                "weighted avg": {
                    "precision": 0.8787878787878788,
                    "recall": 0.6363636363636364,
                    "f1-score": 0.6753246753246753,
                    "support": 11.0
                }
            }
        }
    },
    "Exp2": {
        "SVM": {
            "accuracy": 0.5243243243243243,
            "report": {
                "0": {
                    "precision": 0.0,
                    "recall": 0.0,
                    "f1-score": 0.0,
                    "support": 88.0
                },
                "1": {
                    "precision": 0.5243243243243243,
                    "recall": 1.0,
                    "f1-score": 0.6879432624113475,
                    "support": 97.0
                },
                "accuracy": 0.5243243243243243,
                "macro avg": {
                    "precision": 0.26216216216216215,
                    "recall": 0.5,
                    "f1-score": 0.34397163120567376,
                    "support": 185.0
                },
                "weighted avg": {
                    "precision": 0.2749159970781592,
                    "recall": 0.5243243243243243,
                    "f1-score": 0.36070538623730114,
                    "support": 185.0
                }
            },
            "cm": [
                [
                    0,
                    88
                ],
                [
                    0,
                    97
                ]
            ]
        },
        "Random Forest": {
            "accuracy": 0.5783783783783784,
            "report": {
                "0": {
                    "precision": 0.7272727272727273,
                    "recall": 0.18181818181818182,
                    "f1-score": 0.2909090909090909,
                    "support": 88.0
                },
                "1": {
                    "precision": 0.558282208588957,
                    "recall": 0.9381443298969072,
                    "f1-score": 0.7,
                    "support": 97.0
                },
                "accuracy": 0.5783783783783784,
                "macro avg": {
                    "precision": 0.6427774679308422,
                    "recall": 0.5599812558575445,
                    "f1-score": 0.4954545454545454,
                    "support": 185.0
                },
                "weighted avg": {
                    "precision": 0.6386668877466424,
                    "recall": 0.5783783783783784,
                    "f1-score": 0.5054054054054054,
                    "support": 185.0
                }
            },
            "cm": [
                [
                    16,
                    72
                ],
                [
                    6,
                    91
                ]
            ]
        },
        "XGBoost": {
            "accuracy": 0.6324324324324324,
            "report": {
                "0": {
                    "precision": 0.6851851851851852,
                    "recall": 0.42045454545454547,
                    "f1-score": 0.5211267605633803,
                    "support": 88.0
                },
                "1": {
                    "precision": 0.6106870229007634,
                    "recall": 0.8247422680412371,
                    "f1-score": 0.7017543859649122,
                    "support": 97.0
                },
                "accuracy": 0.6324324324324324,
                "macro avg": {
                    "precision": 0.6479361040429743,
                    "recall": 0.6225984067478912,
                    "f1-score": 0.6114405732641462,
                    "support": 185.0
                },
                "weighted avg": {
                    "precision": 0.6461239865820019,
                    "recall": 0.6324324324324324,
                    "f1-score": 0.6158342182063458,
                    "support": 185.0
                }
            },
            "cm": [
                [
                    37,
                    51
                ],
                [
                    17,
                    80
                ]
            ]
        }
    }
}